"","RMSE","R2","Avg.Bias","Max.Bias","Skill"
"RMSE0",12.7198674857628,12.7198674857628,12.7198674857628,12.7198674857628,12.7198674857628
"WA.inv",7.31994625348595,0.668830287722734,-4.14064130651514e-17,19.0174177812495,66.8830287722734
"WA.cla",8.95055419242835,0.668830287722734,2.2018312392175e-15,10.4878028975366,50.4852399246379
"WA.inv.tol",6.64797063398744,0.7268425744411,-1.07570635031719e-15,17.0643580112084,72.68425744411
"WA.cla.tol",7.79774292628119,0.7268425744411,-1.82179711205956e-15,9.85645029436614,62.4186261008524
"WA.inv.1",7.53307790996208,0.649272640046471,-0.00311367470738361,19.547148434998,64.9264484829831
"WA.cla.1",9.09592537123631,0.651600337694579,-0.00515565691999202,11.1249526866029,48.8637821913172
"WA.inv.tol.1",7.08815256563915,0.689507503919298,0.0758943360398932,17.7676865578254,68.9471875933282
"WA.cla.tol.1",8.11001611722026,0.691399955644852,0.10400718274327,10.697550958197,59.3483422285062
