"","RMSE","R2","Avg.Bias","Max.Bias","Skill"
"RMSE0",15.8861055698437,15.8861055698437,15.8861055698437,15.8861055698437,15.8861055698437
"WA.inv",10.7889633261176,0.538762568400388,-1.23330015430511e-15,42.701682178167,53.8762568400388
"WA.cla",14.6987705154328,0.538762568400388,-4.98233322570729e-15,30.1493220750842,14.3894808859778
"WA.inv.tol",10.5070863049433,0.562548700966504,-3.77723620021665e-15,42.2965737359284,56.2548700966504
"WA.cla.tol",14.0088419804777,0.562548700966504,-3.02949488020987e-15,30.5798981036535,22.2376128001151
"WA.inv.1",10.9169453576313,0.527789982353791,0.0114959911793176,42.8746350124838,52.7754982515483
"WA.cla.1",14.8378190217669,0.528390474623065,0.0216320333450954,30.4608201193841,12.7620903457283
"WA.inv.tol.1",10.6689461301014,0.549027804394029,0.0273583554853629,42.4801714594071,54.896716863456
"WA.cla.tol.1",14.1939364126444,0.549630684661804,0.0488793697152313,30.8902741018533,20.1691373955909
