"","RMSE","R2","Avg.Bias","Max.Bias","Skill"
"RMSE0",11.8088381079512,11.8088381079512,11.8088381079512,11.8088381079512,11.8088381079512
"WA.inv",7.89313572625065,0.553229176042985,-3.02145876717738e-15,19.4870391356298,55.3229176042985
"WA.cla",10.6119949075183,0.553229176042985,2.64576684442039e-15,7.52449261198034,19.243083462702
"WA.inv.tol",7.58882391694644,0.587014679872265,7.32891672495588e-16,18.4066760131586,58.7014679872265
"WA.cla.tol",9.90489771337652,0.587014679872265,-3.2418294588714e-15,6.88128214053406,29.6465089735745
"WA.inv.1",7.97405548553335,0.544024811353392,0.00224032344221356,19.8534804515132,54.4021706306533
"WA.cla.1",10.6555095406463,0.54478063817081,0.00427067931722527,7.72847516244864,18.5794358733527
"WA.inv.tol.1",7.69329553078488,0.575571987331185,0.0142905273096102,18.77329322262,57.5565679855635
"WA.cla.tol.1",9.97116937443131,0.576279685651041,0.0246756947096593,7.44037550579475,28.7019176055828
