"","RMSE","R2","Avg.Bias","Max.Bias","Skill"
"RMSE0",6.26715091303483,6.26715091303483,6.26715091303483,6.26715091303483,6.26715091303483
"WA.inv",3.57589126722052,0.674442050817474,9.10701386798054e-16,10.3373753925728,67.4442050817474
"WA.cla",4.35423620407739,0.674442050817474,-1.66259500095655e-15,5.95042879352393,51.7292925629526
"WA.inv.tol",3.37913582218738,0.709282623140842,-2.27316078832084e-15,10.2693634530896,70.9282623140843
"WA.cla.tol",4.01232393246687,0.709282623140842,-2.11591237093701e-15,5.65903652100961,59.0124772024156
"WA.inv.1",3.73114751732932,0.645826862831788,0.00963185231264458,11.0273511320342,64.5558525454426
"WA.cla.1",4.50769711960536,0.652376988906138,0.0105005955937841,6.16876687694239,48.2668230537452
"WA.inv.tol.1",3.5650908826016,0.676660812138926,0.0412508738197785,10.8190873887528,67.6405668181602
"WA.cla.tol.1",4.17935124828374,0.682368762235097,0.0588029011854832,6.31685242633155,55.528944276321
