"","RMSE","R2","Avg.Bias","Max.Bias","Skill"
"RMSE0",12.7198674857628,12.7198674857628,12.7198674857628,12.7198674857628,12.7198674857628
"WA.inv",7.29565637875217,0.671024490842616,-2.97447414702585e-15,18.9625399717232,67.1024490842616
"WA.cla",8.90625622379309,0.671024490842616,3.98093937236221e-17,10.4902411655302,50.9741427255086
"WA.inv.tol",6.63189533489897,0.728162008164218,1.06667644527805e-15,17.0031737595421,72.8162008164218
"WA.cla.tol",7.77183650052983,0.728162008164218,-6.54107886112052e-16,9.82023876793629,62.667924337179
"WA.inv.1",7.50226687143893,0.65213451531922,-0.00120623677658869,19.4892285334528,65.2127703746666
"WA.cla.1",9.04563174652348,0.654460545210675,-0.00235840639462758,11.1216731967051,49.4277084576814
"WA.inv.tol.1",7.08474628214861,0.689814731293473,0.0842203607113579,17.7070960734489,68.9770259089426
"WA.cla.tol.1",8.09989060183907,0.691708090678466,0.115153745662313,10.6607716712684,59.4497876566956
