"","RMSE","R2","Avg.Bias","Max.Bias","Skill"
"RMSE0",15.2951028528134,15.2951028528134,15.2951028528134,15.2951028528134,15.2951028528134
"WA.inv",9.6267021321353,0.603858570186841,3.39394028988684e-15,55.1823456438413,60.3858570186841
"WA.cla",12.3882487438465,0.603858570186841,1.82813679546277e-15,50.3788323252678,34.3983095759346
"WA.inv.tol",9.20961256130965,0.637441645588136,1.50532939170977e-15,55.8869652472671,63.7441645588136
"WA.cla.tol",11.5350941469377,0.637441645588136,1.03712855200722e-15,52.1230542541624,43.1228949471369
"WA.inv.1",9.84898026693608,0.585379307313224,0.0446300474437494,55.5394702728736,58.535376045713
"WA.cla.1",12.548086364507,0.586396936431396,0.0766672817067808,51.1015727010317,32.6945558127673
"WA.inv.tol.1",9.45861850361481,0.617617184415189,0.0703642894732179,56.1594962702895,61.7571178527714
"WA.cla.tol.1",11.7355013777981,0.61863444153836,0.114563533427442,52.6742471726885,41.1293956758897
